news_website,news_title,left_third_word,left_sec_word,left_first_word,keyword,right_first_word,right_sec_word,right_third_word
haberturk,Deprem bölgesindeki bipolar bozukluk hastalarına ilaç desteği,Öğretim,Üyesi,ve,Bipolar,Bozukluklar,Derneği,Başkan
haberturk,Deprem bölgesindeki bipolar bozukluk hastalarına ilaç desteği,Mehmet,Çağdaş,Eker,bipolar,bozukluk,hakkında,bilgi
haberturk,Deprem bölgesindeki bipolar bozukluk hastalarına ilaç desteği,Öğretim,Üyesi,ve,Bipolar,Bozukluklar,Derneği,Başkan
haberturk,Deprem bölgesindeki bipolar bozukluk hastalarına ilaç desteği,Mehmet,Çağdaş,Eker,bipolar,bozukluk,hakkında,bilgi
haberturk,Deprem bölgesindeki bipolar bozukluk hastalarına ilaç desteği,Mehmet,Çağdaş,Eker,bipolar,bozukluk,hakkında,bilgi
haberturk,Deprem bölgesindeki bipolar bozukluk hastalarına ilaç desteği,Öğretim,Üyesi,ve,Bipolar,Bozukluklar,Derneği,Başkan
haberturk,Deprem bölgesindeki bipolar bozukluk hastalarına ilaç desteği,Öğretim,Üyesi,ve,Bipolar,Bozukluklar,Derneği,Başkan
haberturk,Deprem bölgesindeki bipolar bozukluk hastalarına ilaç desteği,Mehmet,Çağdaş,Eker,bipolar,bozukluk,hakkında,bilgi
haberturk,Deprem bölgesindeki bipolar bozukluk hastalarına ilaç desteği,Mehmet,Çağdaş,Eker,bipolar,bozukluk,hakkında,bilgi
haberturk,Deprem bölgesindeki bipolar bozukluk hastalarına ilaç desteği,Mehmet,Çağdaş,Eker,bipolar,bozukluk,hakkında,bilgi
haberturk,Deprem bölgesindeki bipolar bozukluk hastalarına ilaç desteği,Öğretim,Üyesi,ve,Bipolar,Bozukluklar,Derneği,Başkan
haberturk,Deprem bölgesindeki bipolar bozukluk hastalarına ilaç desteği,Öğretim,Üyesi,ve,Bipolar,Bozukluklar,Derneği,Başkan
haberturk,Deprem bölgesindeki bipolar bozukluk hastalarına ilaç desteği,Mehmet,Çağdaş,Eker,bipolar,bozukluk,hakkında,bilgi
haberturk,Deprem bölgesindeki bipolar bozukluk hastalarına ilaç desteği,Öğretim,Üyesi,ve,Bipolar,Bozukluklar,Derneği,Başkan
haberturk,Deprem bölgesindeki bipolar bozukluk hastalarına ilaç desteği,Mehmet,Çağdaş,Eker,bipolar,bozukluk,hakkında,bilgi
haberturk,"Kayseri'de bipolar bozukluğu hastası 3 polis ile 1 bekçiyi bıçakladı, vurularak etkisiz hale getirildi",Kayseride,,,bipolar,psikolojikpsikiyatrik,bir,rahatsızlık
haberturk,"Kayseri'de bipolar bozukluğu hastası 3 polis ile 1 bekçiyi bıçakladı, vurularak etkisiz hale getirildi",Kayseride,,,bipolar,psikolojikpsikiyatrik,bir,rahatsızlık
haberturk,Bipolar nedir? Bipolar bozukluk belirtileri nelerdir? Bipolar neden olur?,,,,Bipolar,bozukluk,nedir,Bipolar
haberturk,Bipolar nedir? Bipolar bozukluk belirtileri nelerdir? Bipolar neden olur?,,,,Bipolar,bozukluk,nedir,Bipolar
haberturk,Bipolar nedir? Bipolar bozukluk belirtileri nelerdir? Bipolar neden olur?,durumları,yaşaması,olan,bipolar,ila,ilgili,detaylar
haberturk,Bipolar nedir? Bipolar bozukluk belirtileri nelerdir? Bipolar neden olur?,ilgili,detaylar,haberimizde,BİPOLAR,BOZUKLUK,NEDİR,Bipolar
haberturk,Bipolar nedir? Bipolar bozukluk belirtileri nelerdir? Bipolar neden olur?,,,,Bipolar,bozukluk,nedir,Bipolar
haberturk,Bipolar nedir? Bipolar bozukluk belirtileri nelerdir? Bipolar neden olur?,,,,Bipolar,bozukluk,nedir,Bipolar
haberturk,Bipolar nedir? Bipolar bozukluk belirtileri nelerdir? Bipolar neden olur?,durumları,yaşaması,olan,bipolar,ila,ilgili,detaylar
haberturk,Bipolar nedir? Bipolar bozukluk belirtileri nelerdir? Bipolar neden olur?,,,,Bipolar,bozukluk,nedir,Bipolar
haberturk,Bipolar nedir? Bipolar bozukluk belirtileri nelerdir? Bipolar neden olur?,ilgili,detaylar,haberimizde,BİPOLAR,BOZUKLUK,NEDİR,Bipolar
haberturk,Bipolar nedir? Bipolar bozukluk belirtileri nelerdir? Bipolar neden olur?,,,,Bipolar,bozukluk,nedir,Bipolar
haberturk,Bipolar nedir? Bipolar bozukluk belirtileri nelerdir? Bipolar neden olur?,,,,Bipolar,bozukluk,nedir,Bipolar
haberturk,Bipolar nedir? Bipolar bozukluk belirtileri nelerdir? Bipolar neden olur?,,,,Bipolar,bozukluk,nedir,Bipolar
haberturk,Bipolar nedir? Bipolar bozukluk belirtileri nelerdir?,olarak,da,adlandırılan,bipolar,bozukluk,kişinin,sürekli
haberturk,Bipolar nedir? Bipolar bozukluk belirtileri nelerdir?,olarak,da,adlandırılan,bipolar,bozukluk,kişinin,sürekli
haberturk,Bipolar nedir? Bipolar bozukluk belirtileri nelerdir?,bipolar,bozukluk,nedir,Bipolar,bozuluğun,belirtileri,nasıldır
haberturk,Bipolar nedir? Bipolar bozukluk belirtileri nelerdir?,nasıldır,İşte,detaylar,BİPOLAR,BOZUKLUK,NEDİR,Bipolar
haberturk,Bipolar nedir? Bipolar bozukluk belirtileri nelerdir?,bipolar,bozukluk,nedir,Bipolar,bozuluğun,belirtileri,nasıldır
haberturk,Bipolar nedir? Bipolar bozukluk belirtileri nelerdir?,bipolar,bozukluk,nedir,Bipolar,bozuluğun,belirtileri,nasıldır
haberturk,Bipolar nedir? Bipolar bozukluk belirtileri nelerdir?,olarak,da,adlandırılan,bipolar,bozukluk,kişinin,sürekli
haberturk,Bipolar nedir? Bipolar bozukluk belirtileri nelerdir?,bipolar,bozukluk,nedir,Bipolar,bozuluğun,belirtileri,nasıldır
haberturk,Bipolar nedir? Bipolar bozukluk belirtileri nelerdir?,nasıldır,İşte,detaylar,BİPOLAR,BOZUKLUK,NEDİR,Bipolar
haberturk,Bipolar nedir? Bipolar bozukluk belirtileri nelerdir?,bipolar,bozukluk,nedir,Bipolar,bozuluğun,belirtileri,nasıldır
haberturk,Bipolar nedir? Bipolar bozukluk belirtileri nelerdir?,bipolar,bozukluk,nedir,Bipolar,bozuluğun,belirtileri,nasıldır
haberturk,Bipolar nedir? Bipolar bozukluk belirtileri nelerdir?,bipolar,bozukluk,nedir,Bipolar,bozuluğun,belirtileri,nasıldır
haberturk,"Manik depresif, bipolar, psikopat: Bazı ABD başkanları ve sağlık sorunları",ve,Adamsta,da,bipolar,kişilik,bozukluğu,olduğunu
haberturk,FETÖ davasında 'Bipolar tanık' olayı!,gördüğünü,ileri,sürdü,Bipolar,hastası,olduğunu,ve
haberturk,Bipolar ergenlikte farklı erişkinlikte farklı!,olarak,da,adlandırılan,Bipolar,Afektif,Bozuklukta,kişinin
haberturk,Bipolar ergenlikte farklı erişkinlikte farklı!,olarak,da,adlandırılan,Bipolar,Afektif,Bozuklukta,kişinin
haberturk,Bipolar ergenlikte farklı erişkinlikte farklı!,olarak,da,adlandırılan,Bipolar,Afektif,Bozuklukta,kişinin
haberturk,Bipolar ergenlikte farklı erişkinlikte farklı!,olarak,da,adlandırılan,Bipolar,Afektif,Bozuklukta,kişinin
haberturk,Bipolar ergenlikte farklı erişkinlikte farklı!,olarak,da,adlandırılan,Bipolar,Afektif,Bozuklukta,kişinin
haberturk,Bipolar ergenlikte farklı erişkinlikte farklı!,olarak,da,adlandırılan,Bipolar,Afektif,Bozuklukta,kişinin
haberturk,Bipolar ergenlikte farklı erişkinlikte farklı!,olarak,da,adlandırılan,Bipolar,Afektif,Bozuklukta,kişinin
haberturk,Bipolar ergenlikte farklı erişkinlikte farklı!,olarak,da,adlandırılan,Bipolar,Afektif,Bozuklukta,kişinin
haberturk,Bipolar ergenlikte farklı erişkinlikte farklı!,olarak,da,adlandırılan,Bipolar,Afektif,Bozuklukta,kişinin
haberturk,Bipolar ergenlikte farklı erişkinlikte farklı!,olarak,da,adlandırılan,Bipolar,Afektif,Bozuklukta,kişinin
haberturk,Bipolar ergenlikte farklı erişkinlikte farklı!,olarak,da,adlandırılan,Bipolar,Afektif,Bozuklukta,kişinin
haberturk,Bipolar ergenlikte farklı erişkinlikte farklı!,olarak,da,adlandırılan,Bipolar,Afektif,Bozuklukta,kişinin
haberturk,Bipolar bozukluk tedavi edilmezse ne olur?,bozukluk,adıyla,bilinen,bipolar,bozukluk,riskli,davranışlar
haberturk,Bipolar bozukluk tedavi edilmezse ne olur?,bozukluk,adıyla,bilinen,bipolar,bozukluk,riskli,davranışlar
haberturk,Bipolar bozukluk tedavi edilmezse ne olur?,yetişemez,şeklinde,konuştu,BİPOLAR,MİZAÇ,BOZUKLUĞU,TEDAVİSİ
